省份,流域,断面名称,监测时间,水质类别,水温<br/><span class='unit'>(℃)</span>,pH<br/><span class='unit'>(无量纲)</span>,溶解氧<br/><span class='unit'>(mg/L)</span>,电导率<br/><span class='unit'>(μS/cm)</span>,浊度<br/><span class='unit'>(NTU)</span>,高锰酸盐指数<br/><span class='unit'>(mg/L)</span>,氨氮<br/><span class='unit'>(mg/L)</span>,总磷<br/><span class='unit'>(mg/L)</span>,总氮<br/><span class='unit'>(mg/L)</span>,叶绿素α<br/><span class='unit'>(mg/L)</span>,藻密度<br/><span class='unit'>(cells/L)</span>,站点情况
北京市,海河流域,<span data-toggle='tooltip' data-placement='right' title='所在地市:东城区&#10;所属河流:北护城河'>鼓楼外大街</span>,11-04 20:00,Ⅰ,<span data-toggle='tooltip' data-placement='right' title='原始值：15.79'>15.8</span>,<span data-toggle='tooltip' data-placement='right' title='原始值：8.432'>8.43</span>,<span data-toggle='tooltip' data-placement='right' title='原始值：9.349'>9.35</span>,<span data-toggle='tooltip' data-placement='right' title='原始值：385.8'>385.8</span>,<span data-toggle='tooltip' data-placement='right' title='原始值：3.657'>3.7</span>,<span data-toggle='tooltip' data-placement='right' title='原始值：1.611'>1.61</span>,<span data-toggle='tooltip' data-placement='right' title='原始值：0.0509'>0.051</span>,<span data-toggle='tooltip' data-placement='right' title='原始值：0.0162'>0.016</span>,<span data-toggle='tooltip' data-placement='right' title='原始值：3.153'>3.15</span>,*,*,正常
北京市,海河流域,<span data-toggle='tooltip' data-placement='right' title='所在地市:西城区&#10;所属河流:永定河引水渠'>广北滨河路(桥）</span>,11-04 20:00,Ⅱ,<span data-toggle='tooltip' data-placement='right' title='原始值：15.02'>15.0</span>,<span data-toggle='tooltip' data-placement='right' title='原始值：8.5343'>8.53</span>,<span data-toggle='tooltip' data-placement='right' title='原始值：10.764'>10.76</span>,<span data-toggle='tooltip' data-placement='right' title='原始值：517.944'>517.9</span>,<span data-toggle='tooltip' data-placement='right' title='原始值：6.224'>6.2</span>,<span data-toggle='tooltip' data-placement='right' title='原始值：2.046'>2.05</span>,<span data-toggle='tooltip' data-placement='right' title='原始值：0.0707'>0.071</span>,<span data-toggle='tooltip' data-placement='right' title='原始值：0.03417'>0.034</span>,<span data-toggle='tooltip' data-placement='right' title='原始值：4.1509'>4.15</span>,*,*,正常
北京市,海河流域,<span data-toggle='tooltip' data-placement='right' title='所在地市:朝阳区&#10;所属河流:坝河'>沙窝</span>,11-04 20:00,Ⅲ,<span data-toggle='tooltip' data-placement='right' title='原始值：17.61'>17.6</span>,<span data-toggle='tooltip' data-placement='right' title='原始值：7.388'>7.39</span>,<span data-toggle='tooltip' data-placement='right' title='原始值：9.19'>9.19</span>,<span data-toggle='tooltip' data-placement='right' title='原始值：863.7'>863.7</span>,<span data-toggle='tooltip' data-placement='right' title='原始值：10.433'>10.4</span>,<span data-toggle='tooltip' data-placement='right' title='原始值：4.021'>4.02</span>,<span data-toggle='tooltip' data-placement='right' title='原始值：0.2824'>0.282</span>,<span data-toggle='tooltip' data-placement='right' title='原始值：0.0977'>0.098</span>,<span data-toggle='tooltip' data-placement='right' title='原始值：9.862'>9.86</span>,*,*,正常
北京市,海河流域,<span data-toggle='tooltip' data-placement='right' title='所在地市:朝阳区&#10;所属河流:通惠河'>新八里桥</span>,11-04 20:00,Ⅲ,<span data-toggle='tooltip' data-placement='right' title='原始值：16.82'>16.8</span>,<span data-toggle='tooltip' data-placement='right' title='原始值：7.993'>7.99</span>,<span data-toggle='tooltip' data-placement='right' title='原始值：9.644'>9.64</span>,<span data-toggle='tooltip' data-placement='right' title='原始值：743.561'>743.6</span>,<span data-toggle='tooltip' data-placement='right' title='原始值：2.443'>2.4</span>,<span data-toggle='tooltip' data-placement='right' title='原始值：4.31'>4.31</span>,<span data-toggle='tooltip' data-placement='right' title='原始值：0.0374'>0.037</span>,<span data-toggle='tooltip' data-placement='right' title='原始值：0.0924'>0.092</span>,<span data-toggle='tooltip' data-placement='right' title='原始值：9.885'>9.88</span>,*,*,正常
北京市,海河流域,<span data-toggle='tooltip' data-placement='right' title='所在地市:丰台区&#10;所属河流:凉水河'>大红门闸上</span>,11-04 20:00,Ⅱ,<span data-toggle='tooltip' data-placement='right' title='原始值：18.64'>18.6</span>,<span data-toggle='tooltip' data-placement='right' title='原始值：8.304'>8.30</span>,<span data-toggle='tooltip' data-placement='right' title='原始值：8.695'>8.70</span>,<span data-toggle='tooltip' data-placement='right' title='原始值：1300.7'>1300.7</span>,<span data-toggle='tooltip' data-placement='right' title='原始值：6.785'>6.8</span>,<span data-toggle='tooltip' data-placement='right' title='原始值：2.297'>2.30</span>,<span data-toggle='tooltip' data-placement='right' title='原始值：0.0523'>0.052</span>,<span data-toggle='tooltip' data-placement='right' title='原始值：0.0689'>0.069</span>,<span data-toggle='tooltip' data-placement='right' title='原始值：15.145'>15.14</span>,*,*,正常
北京市,海河流域,<span data-toggle='tooltip' data-placement='right' title='所在地市:石景山区&#10;所属河流:永定河'>南大荒桥</span>,11-04 20:00,Ⅱ,<span data-toggle='tooltip' data-placement='right' title='原始值：13.51'>13.5</span>,<span data-toggle='tooltip' data-placement='right' title='原始值：8.0738'>8.07</span>,<span data-toggle='tooltip' data-placement='right' title='原始值：8.549'>8.55</span>,<span data-toggle='tooltip' data-placement='right' title='原始值：838.87'>838.9</span>,<span data-toggle='tooltip' data-placement='right' title='原始值：5.429'>5.4</span>,<span data-toggle='tooltip' data-placement='right' title='原始值：2.312'>2.31</span>,<span data-toggle='tooltip' data-placement='right' title='原始值：0.1236'>0.124</span>,<span data-toggle='tooltip' data-placement='right' title='原始值：0.0225'>0.022</span>,<span data-toggle='tooltip' data-placement='right' title='原始值：3.65'>3.65</span>,*,*,正常
北京市,海河流域,<span data-toggle='tooltip' data-placement='right' title='所在地市:海淀区&#10;所属河流:清河'>清河闸</span>,11-04 20:00,Ⅳ,<span data-toggle='tooltip' data-placement='right' title='原始值：17.17'>17.2</span>,<span data-toggle='tooltip' data-placement='right' title='原始值：7.98'>7.98</span>,<span data-toggle='tooltip' data-placement='right' title='原始值：8.208'>8.21</span>,<span data-toggle='tooltip' data-placement='right' title='原始值：932.52'>932.5</span>,<span data-toggle='tooltip' data-placement='right' title='原始值：1.962'>2.0</span>,<span data-toggle='tooltip' data-placement='right' title='原始值：3.34'>3.34</span>,<span data-toggle='tooltip' data-placement='right' title='原始值：1.0095'>1.010</span>,<span data-toggle='tooltip' data-placement='right' title='原始值：0.0391'>0.039</span>,<span data-toggle='tooltip' data-placement='right' title='原始值：9.727'>9.73</span>,*,*,正常
北京市,海河流域,<span data-toggle='tooltip' data-placement='right' title='所在地市:海淀区&#10;所属河流:土城沟'>花园路</span>,11-04 20:00,Ⅱ,<span data-toggle='tooltip' data-placement='right' title='原始值：17.27'>17.3</span>,<span data-toggle='tooltip' data-placement='right' title='原始值：7.662'>7.66</span>,<span data-toggle='tooltip' data-placement='right' title='原始值：10.051'>10.05</span>,<span data-toggle='tooltip' data-placement='right' title='原始值：525.35'>525.4</span>,<span data-toggle='tooltip' data-placement='right' title='原始值：2.755'>2.8</span>,<span data-toggle='tooltip' data-placement='right' title='原始值：2.058'>2.06</span>,<span data-toggle='tooltip' data-placement='right' title='原始值：0.06'>0.060</span>,<span data-toggle='tooltip' data-placement='right' title='原始值：0.0366'>0.037</span>,<span data-toggle='tooltip' data-placement='right' title='原始值：4.673'>4.67</span>,*,*,正常
北京市,海河流域,<span data-toggle='tooltip' data-placement='right' title='所在地市:房山区&#10;所属河流:小清河'>八间房漫水桥</span>,11-04 16:00,Ⅱ,<span data-toggle='tooltip' data-placement='right' title='原始值：16.6'>16.6</span>,<span data-toggle='tooltip' data-placement='right' title='原始值：7.48'>7.48</span>,<span data-toggle='tooltip' data-placement='right' title='原始值：10.29'>10.29</span>,<span data-toggle='tooltip' data-placement='right' title='原始值：1175.4'>1175.4</span>,<span data-toggle='tooltip' data-placement='right' title='原始值：2.79'>2.8</span>,<span data-toggle='tooltip' data-placement='right' title='原始值：2.108'>2.11</span>,<span data-toggle='tooltip' data-placement='right' title='原始值：0.025'>0.025</span>,<span data-toggle='tooltip' data-placement='right' title='原始值：0.05'>0.050</span>,<span data-toggle='tooltip' data-placement='right' title='原始值：6.92'>6.92</span>,*,*,正常
北京市,海河流域,<span data-toggle='tooltip' data-placement='right' title='所在地市:房山区&#10;所属河流:大石河'>码头</span>,11-04 20:00,,<span data-toggle='tooltip' data-placement='right' title='原始值：13.35'>13.4</span>,<span data-toggle='tooltip' data-placement='right' title='原始值：7.772'>7.77</span>,<span data-toggle='tooltip' data-placement='right' title='原始值：9.325'>9.32</span>,<span data-toggle='tooltip' data-placement='right' title='原始值：1061.3'>1061.3</span>,<span data-toggle='tooltip' data-placement='right' title='原始值：62.312'>62.3</span>,--,<span data-toggle='tooltip' data-placement='right' title='原始值：0.1008'>0.101</span>,<span data-toggle='tooltip' data-placement='right' title='原始值：0.0617'>0.062</span>,--,*,*,维护
北京市,海河流域,<span data-toggle='tooltip' data-placement='right' title='所在地市:通州区&#10;所属河流:港沟河'>罗庄</span>,11-04 20:00,Ⅴ,<span data-toggle='tooltip' data-placement='right' title='原始值：10.83'>10.8</span>,<span data-toggle='tooltip' data-placement='right' title='原始值：8.575038'>8.58</span>,<span data-toggle='tooltip' data-placement='right' title='原始值：10.98536'>10.99</span>,<span data-toggle='tooltip' data-placement='right' title='原始值：1139.548'>1139.5</span>,<span data-toggle='tooltip' data-placement='right' title='原始值：8.761224'>8.8</span>,<span data-toggle='tooltip' data-placement='right' title='原始值：3.921'>3.92</span>,<span data-toggle='tooltip' data-placement='right' title='原始值：0.4601'>0.460</span>,<span data-toggle='tooltip' data-placement='right' title='原始值：0.3241'>0.324</span>,<span data-toggle='tooltip' data-placement='right' title='原始值：7.9281'>7.93</span>,*,*,正常
北京市,海河流域,<span data-toggle='tooltip' data-placement='right' title='所在地市:通州区&#10;所属河流:龙凤减河'>小屯桥</span>,11-04 20:00,劣Ⅴ,<span data-toggle='tooltip' data-placement='right' title='原始值：12.39'>12.4</span>,<span data-toggle='tooltip' data-placement='right' title='原始值：7.844854'>7.84</span>,<span data-toggle='tooltip' data-placement='right' title='原始值：5.405099'>5.41</span>,<span data-toggle='tooltip' data-placement='right' title='原始值：1138.637'>1138.6</span>,<span data-toggle='tooltip' data-placement='right' title='原始值：77.27103'>77.3</span>,<span data-toggle='tooltip' data-placement='right' title='原始值：5.081'>5.08</span>,<span data-toggle='tooltip' data-placement='right' title='原始值：0.7141'>0.714</span>,<span data-toggle='tooltip' data-placement='right' title='原始值：0.4311'>0.431</span>,<span data-toggle='tooltip' data-placement='right' title='原始值：8.7961'>8.80</span>,*,*,正常
北京市,海河流域,<span data-toggle='tooltip' data-placement='right' title='所在地市:怀柔区&#10;所属河流:怀柔水库'>怀柔水库</span>,11-04 20:00,Ⅱ,<span data-toggle='tooltip' data-placement='right' title='原始值：13.13'>13.1</span>,<span data-toggle='tooltip' data-placement='right' title='原始值：8.005'>8.00</span>,<span data-toggle='tooltip' data-placement='right' title='原始值：10.053'>10.05</span>,<span data-toggle='tooltip' data-placement='right' title='原始值：455.491'>455.5</span>,<span data-toggle='tooltip' data-placement='right' title='原始值：2.986'>3.0</span>,<span data-toggle='tooltip' data-placement='right' title='原始值：2.171'>2.17</span>,<span data-toggle='tooltip' data-placement='right' title='原始值：0.025'>0.025</span>,<span data-toggle='tooltip' data-placement='right' title='原始值：0.005'>0.005</span>,<span data-toggle='tooltip' data-placement='right' title='原始值：2.258'>2.26</span>,*,*,正常
北京市,海河流域,<span data-toggle='tooltip' data-placement='right' title='所在地市:平谷区&#10;所属河流:t河'>东店</span>,11-04 20:00,Ⅲ,<span data-toggle='tooltip' data-placement='right' title='原始值：13.66'>13.7</span>,<span data-toggle='tooltip' data-placement='right' title='原始值：8.011'>8.01</span>,<span data-toggle='tooltip' data-placement='right' title='原始值：8.716'>8.72</span>,<span data-toggle='tooltip' data-placement='right' title='原始值：545.767'>545.8</span>,<span data-toggle='tooltip' data-placement='right' title='原始值：26.989'>27.0</span>,<span data-toggle='tooltip' data-placement='right' title='原始值：4.711'>4.71</span>,<span data-toggle='tooltip' data-placement='right' title='原始值：0.1641'>0.164</span>,<span data-toggle='tooltip' data-placement='right' title='原始值：0.0741'>0.074</span>,<span data-toggle='tooltip' data-placement='right' title='原始值：4.1481'>4.15</span>,*,*,正常
北京市,海河流域,<span data-toggle='tooltip' data-placement='right' title='所在地市:密云区&#10;所属河流:密云水库'>密云水库</span>,11-04 20:00,Ⅱ,<span data-toggle='tooltip' data-placement='right' title='原始值：15.71'>15.7</span>,<span data-toggle='tooltip' data-placement='right' title='原始值：8.0277'>8.03</span>,<span data-toggle='tooltip' data-placement='right' title='原始值：8.424'>8.42</span>,<span data-toggle='tooltip' data-placement='right' title='原始值：435.45'>435.4</span>,<span data-toggle='tooltip' data-placement='right' title='原始值：2.56'>2.6</span>,<span data-toggle='tooltip' data-placement='right' title='原始值：2.701'>2.70</span>,<span data-toggle='tooltip' data-placement='right' title='原始值：0.025'>0.025</span>,<span data-toggle='tooltip' data-placement='right' title='原始值：0.005'>0.005</span>,<span data-toggle='tooltip' data-placement='right' title='原始值：2.62'>2.62</span>,*,*,正常
北京市,海河流域,<span data-toggle='tooltip' data-placement='right' title='所在地市:密云区&#10;所属河流:白河'>大关桥</span>,11-04 20:00,Ⅱ,<span data-toggle='tooltip' data-placement='right' title='原始值：15.42'>15.4</span>,<span data-toggle='tooltip' data-placement='right' title='原始值：8.2073'>8.21</span>,<span data-toggle='tooltip' data-placement='right' title='原始值：10.17'>10.17</span>,<span data-toggle='tooltip' data-placement='right' title='原始值：397.53'>397.5</span>,<span data-toggle='tooltip' data-placement='right' title='原始值：3.02'>3.0</span>,<span data-toggle='tooltip' data-placement='right' title='原始值：3.041'>3.04</span>,<span data-toggle='tooltip' data-placement='right' title='原始值：0.025'>0.025</span>,<span data-toggle='tooltip' data-placement='right' title='原始值：0.005'>0.005</span>,<span data-toggle='tooltip' data-placement='right' title='原始值：2.7361'>2.74</span>,*,*,正常
北京市,海河流域,<span data-toggle='tooltip' data-placement='right' title='所在地市:密云区&#10;所属河流:潮河'>辛庄桥</span>,11-04 20:00,Ⅰ,<span data-toggle='tooltip' data-placement='right' title='原始值：12.11'>12.1</span>,<span data-toggle='tooltip' data-placement='right' title='原始值：8.274523'>8.27</span>,<span data-toggle='tooltip' data-placement='right' title='原始值：10.0889'>10.09</span>,<span data-toggle='tooltip' data-placement='right' title='原始值：602.899'>602.9</span>,<span data-toggle='tooltip' data-placement='right' title='原始值：6.180514'>6.2</span>,<span data-toggle='tooltip' data-placement='right' title='原始值：1.351'>1.35</span>,<span data-toggle='tooltip' data-placement='right' title='原始值：0.025'>0.025</span>,<span data-toggle='tooltip' data-placement='right' title='原始值：0.005'>0.005</span>,<span data-toggle='tooltip' data-placement='right' title='原始值：9.9261'>9.93</span>,*,*,正常
北京市,海河流域,<span data-toggle='tooltip' data-placement='right' title='所在地市:延庆区&#10;所属河流:妫水河'>谷家营</span>,11-04 20:00,Ⅱ,<span data-toggle='tooltip' data-placement='right' title='原始值：13.15'>13.2</span>,<span data-toggle='tooltip' data-placement='right' title='原始值：8.449'>8.45</span>,<span data-toggle='tooltip' data-placement='right' title='原始值：11.148'>11.15</span>,<span data-toggle='tooltip' data-placement='right' title='原始值：609.523'>609.5</span>,<span data-toggle='tooltip' data-placement='right' title='原始值：14.796'>14.8</span>,<span data-toggle='tooltip' data-placement='right' title='原始值：3.241'>3.24</span>,<span data-toggle='tooltip' data-placement='right' title='原始值：0.025'>0.025</span>,<span data-toggle='tooltip' data-placement='right' title='原始值：0.061'>0.061</span>,<span data-toggle='tooltip' data-placement='right' title='原始值：4.786'>4.79</span>,*,*,正常
天津市,海河流域,<span data-toggle='tooltip' data-placement='right' title='所在地市:河北区&#10;所属河流:海河'>三岔口</span>,11-04 16:00,Ⅱ,<span data-toggle='tooltip' data-placement='right' title='原始值：15.24'>15.2</span>,<span data-toggle='tooltip' data-placement='right' title='原始值：7.9216'>7.92</span>,<span data-toggle='tooltip' data-placement='right' title='原始值：7.154'>7.15</span>,<span data-toggle='tooltip' data-placement='right' title='原始值：838.7112'>838.7</span>,<span data-toggle='tooltip' data-placement='right' title='原始值：7.28'>7.3</span>,<span data-toggle='tooltip' data-placement='right' title='原始值：1.61'>1.61</span>,<span data-toggle='tooltip' data-placement='right' title='原始值：0.23'>0.230</span>,<span data-toggle='tooltip' data-placement='right' title='原始值：0.0452'>0.045</span>,<span data-toggle='tooltip' data-placement='right' title='原始值：2.2721'>2.27</span>,*,*,正常
天津市,海河流域,<span data-toggle='tooltip' data-placement='right' title='所在地市:河北区&#10;所属河流:北运河'>北洋桥</span>,11-04 20:00,Ⅱ,<span data-toggle='tooltip' data-placement='right' title='原始值：14.41'>14.4</span>,<span data-toggle='tooltip' data-placement='right' title='原始值：8.721'>8.72</span>,<span data-toggle='tooltip' data-placement='right' title='原始值：13.48'>13.48</span>,<span data-toggle='tooltip' data-placement='right' title='原始值：583.2'>583.2</span>,<span data-toggle='tooltip' data-placement='right' title='原始值：9.35'>9.4</span>,<span data-toggle='tooltip' data-placement='right' title='原始值：3.8'>3.80</span>,<span data-toggle='tooltip' data-placement='right' title='原始值：0.025'>0.025</span>,<span data-toggle='tooltip' data-placement='right' title='原始值：0.049'>0.049</span>,<span data-toggle='tooltip' data-placement='right' title='原始值：1.912'>1.91</span>,*,*,正常
天津市,海河流域,<span data-toggle='tooltip' data-placement='right' title='所在地市:红桥区&#10;所属河流:南运河'>井冈山桥</span>,11-04 20:00,Ⅱ,<span data-toggle='tooltip' data-placement='right' title='原始值：14.89'>14.9</span>,<span data-toggle='tooltip' data-placement='right' title='原始值：7.917179'>7.92</span>,<span data-toggle='tooltip' data-placement='right' title='原始值：7.524299'>7.52</span>,<span data-toggle='tooltip' data-placement='right' title='原始值：901.073'>901.1</span>,<span data-toggle='tooltip' data-placement='right' title='原始值：15.20426'>15.2</span>,<span data-toggle='tooltip' data-placement='right' title='原始值：3.191'>3.19</span>,<span data-toggle='tooltip' data-placement='right' title='原始值：0.3201'>0.320</span>,<span data-toggle='tooltip' data-placement='right' title='原始值：0.0511'>0.051</span>,<span data-toggle='tooltip' data-placement='right' title='原始值：2.0791'>2.08</span>,*,*,正常
天津市,海河流域,<span data-toggle='tooltip' data-placement='right' title='所在地市:红桥区&#10;所属河流:子牙河'>大红桥</span>,11-04 20:00,Ⅱ,<span data-toggle='tooltip' data-placement='right' title='原始值：17.45'>17.4</span>,<span data-toggle='tooltip' data-placement='right' title='原始值：7.987484'>7.99</span>,<span data-toggle='tooltip' data-placement='right' title='原始值：8.4576'>8.46</span>,<span data-toggle='tooltip' data-placement='right' title='原始值：567.655'>567.7</span>,<span data-toggle='tooltip' data-placement='right' title='原始值：6.399555'>6.4</span>,<span data-toggle='tooltip' data-placement='right' title='原始值：2.291'>2.29</span>,<span data-toggle='tooltip' data-placement='right' title='原始值：0.0981'>0.098</span>,<span data-toggle='tooltip' data-placement='right' title='原始值：0.005'>0.005</span>,<span data-toggle='tooltip' data-placement='right' title='原始值：1.6691'>1.67</span>,*,*,正常
天津市,海河流域,<span data-toggle='tooltip' data-placement='right' title='所在地市:西青区&#10;所属河流:南水北调天津段'>曹庄子泵站</span>,11-04 20:00,Ⅰ,<span data-toggle='tooltip' data-placement='right' title='原始值：17.75'>17.8</span>,<span data-toggle='tooltip' data-placement='right' title='原始值：8.314'>8.31</span>,<span data-toggle='tooltip' data-placement='right' title='原始值：9.659'>9.66</span>,<span data-toggle='tooltip' data-placement='right' title='原始值：266.59'>266.6</span>,<span data-toggle='tooltip' data-placement='right' title='原始值：3.54'>3.5</span>,<span data-toggle='tooltip' data-placement='right' title='原始值：1.711'>1.71</span>,<span data-toggle='tooltip' data-placement='right' title='原始值：0.108'>0.108</span>,<span data-toggle='tooltip' data-placement='right' title='原始值：0.005'>0.005</span>,<span data-toggle='tooltip' data-placement='right' title='原始值：1.68'>1.68</span>,*,*,正常
天津市,海河流域,<span data-toggle='tooltip' data-placement='right' title='所在地市:津南区&#10;所属河流:洪泥河'>生产圈闸</span>,11-04 20:00,Ⅱ,<span data-toggle='tooltip' data-placement='right' title='原始值：14.18'>14.2</span>,<span data-toggle='tooltip' data-placement='right' title='原始值：8.109098'>8.11</span>,<span data-toggle='tooltip' data-placement='right' title='原始值：9.751218'>9.75</span>,<span data-toggle='tooltip' data-placement='right' title='原始值：1388.941'>1388.9</span>,<span data-toggle='tooltip' data-placement='right' title='原始值：12.51251'>12.5</span>,<span data-toggle='tooltip' data-placement='right' title='原始值：3.441'>3.44</span>,<span data-toggle='tooltip' data-placement='right' title='原始值：0.4441'>0.444</span>,<span data-toggle='tooltip' data-placement='right' title='原始值：0.0641'>0.064</span>,<span data-toggle='tooltip' data-placement='right' title='原始值：2.9461'>2.95</span>,*,*,正常
天津市,海河流域,<span data-toggle='tooltip' data-placement='right' title='所在地市:武清区&#10;所属河流:北运河'>土门楼</span>,11-04 20:00,Ⅳ,<span data-toggle='tooltip' data-placement='right' title='原始值：14.5'>14.5</span>,<span data-toggle='tooltip' data-placement='right' title='原始值：8.050962'>8.05</span>,<span data-toggle='tooltip' data-placement='right' title='原始值：7.902282'>7.90</span>,<span data-toggle='tooltip' data-placement='right' title='原始值：1017.88'>1017.9</span>,<span data-toggle='tooltip' data-placement='right' title='原始值：25.89592'>25.9</span>,<span data-toggle='tooltip' data-placement='right' title='原始值：4.241'>4.24</span>,<span data-toggle='tooltip' data-placement='right' title='原始值：0.2161'>0.216</span>,<span data-toggle='tooltip' data-placement='right' title='原始值：0.2541'>0.254</span>,<span data-toggle='tooltip' data-placement='right' title='原始值：7.0681'>7.07</span>,*,*,正常
天津市,海河流域,<span data-toggle='tooltip' data-placement='right' title='所在地市:宝坻区&#10;所属河流:尔王庄水库'>尔王庄泵站</span>,11-04 20:00,Ⅰ,<span data-toggle='tooltip' data-placement='right' title='原始值：14.59'>14.6</span>,<span data-toggle='tooltip' data-placement='right' title='原始值：7.933141'>7.93</span>,<span data-toggle='tooltip' data-placement='right' title='原始值：8.618014'>8.62</span>,<span data-toggle='tooltip' data-placement='right' title='原始值：292.156'>292.2</span>,<span data-toggle='tooltip' data-placement='right' title='原始值：4.70905'>4.7</span>,<span data-toggle='tooltip' data-placement='right' title='原始值：1.741'>1.74</span>,<span data-toggle='tooltip' data-placement='right' title='原始值：0.025'>0.025</span>,<span data-toggle='tooltip' data-placement='right' title='原始值：0.005'>0.005</span>,<span data-toggle='tooltip' data-placement='right' title='原始值：1.5711'>1.57</span>,*,*,正常
天津市,海河流域,<span data-toggle='tooltip' data-placement='right' title='所在地市:宝坻区&#10;所属河流:潮白新河'>大套桥</span>,11-04 16:00,Ⅳ,<span data-toggle='tooltip' data-placement='right' title='原始值：13.721'>13.7</span>,<span data-toggle='tooltip' data-placement='right' title='原始值：8.527'>8.53</span>,<span data-toggle='tooltip' data-placement='right' title='原始值：10.455'>10.46</span>,<span data-toggle='tooltip' data-placement='right' title='原始值：648.455'>648.5</span>,<span data-toggle='tooltip' data-placement='right' title='原始值：22.974'>23.0</span>,<span data-toggle='tooltip' data-placement='right' title='原始值：6.075'>6.08</span>,<span data-toggle='tooltip' data-placement='right' title='原始值：0.061'>0.061</span>,<span data-toggle='tooltip' data-placement='right' title='原始值：0.105'>0.105</span>,<span data-toggle='tooltip' data-placement='right' title='原始值：5.266'>5.27</span>,*,*,正常
天津市,海河流域,<span data-toggle='tooltip' data-placement='right' title='所在地市:宝坻区&#10;所属河流:潮白新河'>黄白桥</span>,11-04 20:00,Ⅲ,<span data-toggle='tooltip' data-placement='right' title='原始值：12.67'>12.7</span>,<span data-toggle='tooltip' data-placement='right' title='原始值：8.3523'>8.35</span>,<span data-toggle='tooltip' data-placement='right' title='原始值：10.71'>10.71</span>,<span data-toggle='tooltip' data-placement='right' title='原始值：707.269'>707.3</span>,<span data-toggle='tooltip' data-placement='right' title='原始值：22.54'>22.5</span>,<span data-toggle='tooltip' data-placement='right' title='原始值：5.34'>5.34</span>,<span data-toggle='tooltip' data-placement='right' title='原始值：0.084'>0.084</span>,<span data-toggle='tooltip' data-placement='right' title='原始值：0.044'>0.044</span>,<span data-toggle='tooltip' data-placement='right' title='原始值：4.198'>4.20</span>,*,*,正常
天津市,海河流域,<span data-toggle='tooltip' data-placement='right' title='所在地市:滨海新区&#10;所属河流:海河'>海河大闸</span>,11-04 20:00,Ⅲ,<span data-toggle='tooltip' data-placement='right' title='原始值：15.46'>15.5</span>,<span data-toggle='tooltip' data-placement='right' title='原始值：8.5099'>8.51</span>,<span data-toggle='tooltip' data-placement='right' title='原始值：10.6751'>10.68</span>,<span data-toggle='tooltip' data-placement='right' title='原始值：3694.474'>3694.5</span>,<span data-toggle='tooltip' data-placement='right' title='原始值：40.8932'>40.9</span>,<span data-toggle='tooltip' data-placement='right' title='原始值：5.852'>5.85</span>,<span data-toggle='tooltip' data-placement='right' title='原始值：0.3016'>0.302</span>,<span data-toggle='tooltip' data-placement='right' title='原始值：0.0785'>0.078</span>,<span data-toggle='tooltip' data-placement='right' title='原始值：3.1236'>3.12</span>,*,*,正常
天津市,海河流域,<span data-toggle='tooltip' data-placement='right' title='所在地市:滨海新区&#10;所属河流:北排河'>北排水河防潮闸</span>,11-04 20:00,Ⅳ,<span data-toggle='tooltip' data-placement='right' title='原始值：15.99'>16.0</span>,<span data-toggle='tooltip' data-placement='right' title='原始值：8.1655'>8.17</span>,<span data-toggle='tooltip' data-placement='right' title='原始值：7.67'>7.67</span>,<span data-toggle='tooltip' data-placement='right' title='原始值：2894.4'>2894.4</span>,<span data-toggle='tooltip' data-placement='right' title='原始值：32.6234'>32.6</span>,<span data-toggle='tooltip' data-placement='right' title='原始值：6.9214'>6.92</span>,<span data-toggle='tooltip' data-placement='right' title='原始值：0.1202'>0.120</span>,<span data-toggle='tooltip' data-placement='right' title='原始值：0.0648'>0.065</span>,<span data-toggle='tooltip' data-placement='right' title='原始值：3.0957'>3.10</span>,*,*,正常
天津市,海河流域,<span data-toggle='tooltip' data-placement='right' title='所在地市:滨海新区&#10;所属河流:沧浪渠'>沧浪渠出境</span>,11-04 20:00,Ⅳ,<span data-toggle='tooltip' data-placement='right' title='原始值：13.74'>13.7</span>,<span data-toggle='tooltip' data-placement='right' title='原始值：8.4405'>8.44</span>,<span data-toggle='tooltip' data-placement='right' title='原始值：12.25'>12.25</span>,<span data-toggle='tooltip' data-placement='right' title='原始值：5517.1'>5517.1</span>,<span data-toggle='tooltip' data-placement='right' title='原始值：29.52'>29.5</span>,<span data-toggle='tooltip' data-placement='right' title='原始值：7.359'>7.36</span>,<span data-toggle='tooltip' data-placement='right' title='原始值：0.025'>0.025</span>,<span data-toggle='tooltip' data-placement='right' title='原始值：0.0647'>0.065</span>,<span data-toggle='tooltip' data-placement='right' title='原始值：3.8187'>3.82</span>,*,*,正常
天津市,海河流域,<span data-toggle='tooltip' data-placement='right' title='所在地市:滨海新区&#10;所属河流:蓟运河'>蓟运河防潮闸</span>,11-04 20:00,Ⅳ,<span data-toggle='tooltip' data-placement='right' title='原始值：15.1247'>15.1</span>,<span data-toggle='tooltip' data-placement='right' title='原始值：8.2631'>8.26</span>,<span data-toggle='tooltip' data-placement='right' title='原始值：10.0148'>10.01</span>,<span data-toggle='tooltip' data-placement='right' title='原始值：1474.937'>1474.9</span>,<span data-toggle='tooltip' data-placement='right' title='原始值：13.695'>13.7</span>,<span data-toggle='tooltip' data-placement='right' title='原始值：7.67'>7.67</span>,<span data-toggle='tooltip' data-placement='right' title='原始值：0.1559'>0.156</span>,<span data-toggle='tooltip' data-placement='right' title='原始值：0.052'>0.052</span>,<span data-toggle='tooltip' data-placement='right' title='原始值：3.1762'>3.18</span>,*,*,正常
天津市,海河流域,<span data-toggle='tooltip' data-placement='right' title='所在地市:滨海新区&#10;所属河流:青静黄排水渠'>青静黄防潮闸</span>,11-04 20:00,Ⅳ,<span data-toggle='tooltip' data-placement='right' title='原始值：15.19'>15.2</span>,<span data-toggle='tooltip' data-placement='right' title='原始值：8.583'>8.58</span>,<span data-toggle='tooltip' data-placement='right' title='原始值：16.084'>16.08</span>,<span data-toggle='tooltip' data-placement='right' title='原始值：4704.2'>4704.2</span>,<span data-toggle='tooltip' data-placement='right' title='原始值：30.7524'>30.8</span>,<span data-toggle='tooltip' data-placement='right' title='原始值：8.094'>8.09</span>,<span data-toggle='tooltip' data-placement='right' title='原始值：0.0537'>0.054</span>,<span data-toggle='tooltip' data-placement='right' title='原始值：0.0664'>0.066</span>,<span data-toggle='tooltip' data-placement='right' title='原始值：4.192'>4.19</span>,*,*,正常
天津市,海河流域,<span data-toggle='tooltip' data-placement='right' title='所在地市:滨海新区&#10;所属河流:子牙新河'>马棚口防潮闸</span>,11-04 20:00,Ⅲ,<span data-toggle='tooltip' data-placement='right' title='原始值：15.25'>15.2</span>,<span data-toggle='tooltip' data-placement='right' title='原始值：8.0297'>8.03</span>,<span data-toggle='tooltip' data-placement='right' title='原始值：9.562'>9.56</span>,<span data-toggle='tooltip' data-placement='right' title='原始值：1717.7'>1717.7</span>,<span data-toggle='tooltip' data-placement='right' title='原始值：136.4976'>136.5</span>,<span data-toggle='tooltip' data-placement='right' title='原始值：4.3901'>4.39</span>,<span data-toggle='tooltip' data-placement='right' title='原始值：0.025'>0.025</span>,<span data-toggle='tooltip' data-placement='right' title='原始值：0.068'>0.068</span>,<span data-toggle='tooltip' data-placement='right' title='原始值：6.5724'>6.57</span>,*,*,正常
天津市,海河流域,<span data-toggle='tooltip' data-placement='right' title='所在地市:静海区&#10;所属河流:青静黄排水渠'>团瓢桥</span>,11-04 16:00,Ⅳ,<span data-toggle='tooltip' data-placement='right' title='原始值：13.2544'>13.3</span>,<span data-toggle='tooltip' data-placement='right' title='原始值：7.76'>7.76</span>,<span data-toggle='tooltip' data-placement='right' title='原始值：4.9957'>5.00</span>,<span data-toggle='tooltip' data-placement='right' title='极值过滤'>--</span>,<span data-toggle='tooltip' data-placement='right' title='原始值：9.6227'>9.6</span>,<span data-toggle='tooltip' data-placement='right' title='原始值：5.092906'>5.09</span>,<span data-toggle='tooltip' data-placement='right' title='原始值：0.1641433'>0.164</span>,<span data-toggle='tooltip' data-placement='right' title='原始值：0.1748358'>0.175</span>,<span data-toggle='tooltip' data-placement='right' title='原始值：5.142296'>5.14</span>,*,*,维护
天津市,海河流域,<span data-toggle='tooltip' data-placement='right' title='所在地市:蓟州区&#10;所属河流:于桥水库'>于桥水库库中心</span>,11-04 20:00,Ⅱ,<span data-toggle='tooltip' data-placement='right' title='原始值：13.12'>13.1</span>,<span data-toggle='tooltip' data-placement='right' title='原始值：7.92'>7.92</span>,<span data-toggle='tooltip' data-placement='right' title='原始值：8.54'>8.54</span>,<span data-toggle='tooltip' data-placement='right' title='原始值：544.96'>545.0</span>,<span data-toggle='tooltip' data-placement='right' title='原始值：3.64'>3.6</span>,<span data-toggle='tooltip' data-placement='right' title='原始值：3.474'>3.47</span>,<span data-toggle='tooltip' data-placement='right' title='原始值：0.3378'>0.338</span>,<span data-toggle='tooltip' data-placement='right' title='原始值：0.0196'>0.020</span>,<span data-toggle='tooltip' data-placement='right' title='原始值：3.687'>3.69</span>,<span data-toggle='tooltip' data-placement='right' title='原始值：0.00894'>0.009</span>,<span data-toggle='tooltip' data-placement='right' title='原始值：3.402507E+07'>34025070</span>,正常
天津市,海河流域,<span data-toggle='tooltip' data-placement='right' title='所在地市:蓟州区&#10;所属河流:引滦天津河'>于桥水库出口</span>,11-04 20:00,Ⅱ,<span data-toggle='tooltip' data-placement='right' title='原始值：13.98'>14.0</span>,<span data-toggle='tooltip' data-placement='right' title='原始值：8.064852'>8.06</span>,<span data-toggle='tooltip' data-placement='right' title='原始值：8.449665'>8.45</span>,<span data-toggle='tooltip' data-placement='right' title='原始值：507.261'>507.3</span>,<span data-toggle='tooltip' data-placement='right' title='原始值：5.935307'>5.9</span>,<span data-toggle='tooltip' data-placement='right' title='原始值：2.771'>2.77</span>,<span data-toggle='tooltip' data-placement='right' title='原始值：0.3091'>0.309</span>,<span data-toggle='tooltip' data-placement='right' title='原始值：0.03181'>0.032</span>,<span data-toggle='tooltip' data-placement='right' title='原始值：3.8651'>3.87</span>,*,*,正常
天津市,海河流域,<span data-toggle='tooltip' data-placement='right' title='所在地市:蓟州区&#10;所属河流:黎河'>黎河桥</span>,11-04 20:00,Ⅱ,<span data-toggle='tooltip' data-placement='right' title='原始值：11.602'>11.6</span>,<span data-toggle='tooltip' data-placement='right' title='原始值：7.842'>7.84</span>,<span data-toggle='tooltip' data-placement='right' title='原始值：10.1'>10.10</span>,<span data-toggle='tooltip' data-placement='right' title='原始值：756.9'>756.9</span>,<span data-toggle='tooltip' data-placement='right' title='原始值：22.29'>22.3</span>,<span data-toggle='tooltip' data-placement='right' title='原始值：1.31'>1.31</span>,<span data-toggle='tooltip' data-placement='right' title='原始值：0.048'>0.048</span>,<span data-toggle='tooltip' data-placement='right' title='原始值：0.048'>0.048</span>,<span data-toggle='tooltip' data-placement='right' title='原始值：11.734'>11.73</span>,*,*,正常
天津市,海河流域,<span data-toggle='tooltip' data-placement='right' title='所在地市:蓟州区&#10;所属河流:沙河'>沙河桥</span>,11-04 20:00,Ⅱ,<span data-toggle='tooltip' data-placement='right' title='原始值：13.03'>13.0</span>,<span data-toggle='tooltip' data-placement='right' title='原始值：7.683'>7.68</span>,<span data-toggle='tooltip' data-placement='right' title='原始值：9.233'>9.23</span>,<span data-toggle='tooltip' data-placement='right' title='原始值：732.5'>732.5</span>,<span data-toggle='tooltip' data-placement='right' title='原始值：13.2'>13.2</span>,<span data-toggle='tooltip' data-placement='right' title='原始值：1.06'>1.06</span>,<span data-toggle='tooltip' data-placement='right' title='原始值：0.085'>0.085</span>,<span data-toggle='tooltip' data-placement='right' title='原始值：0.043'>0.043</span>,<span data-toggle='tooltip' data-placement='right' title='原始值：12.132'>12.13</span>,*,*,正常
天津市,海河流域,<span data-toggle='tooltip' data-placement='right' title='所在地市:蓟州区&#10;所属河流:果河'>果河桥</span>,11-04 16:00,Ⅱ,<span data-toggle='tooltip' data-placement='right' title='原始值：12.7'>12.7</span>,<span data-toggle='tooltip' data-placement='right' title='原始值：8.01'>8.01</span>,<span data-toggle='tooltip' data-placement='right' title='原始值：9.9'>9.90</span>,<span data-toggle='tooltip' data-placement='right' title='原始值：751.371'>751.4</span>,<span data-toggle='tooltip' data-placement='right' title='原始值：3.8'>3.8</span>,<span data-toggle='tooltip' data-placement='right' title='原始值：1.13'>1.13</span>,<span data-toggle='tooltip' data-placement='right' title='原始值：0.31'>0.310</span>,<span data-toggle='tooltip' data-placement='right' title='原始值：0.045'>0.045</span>,<span data-toggle='tooltip' data-placement='right' title='原始值：11.94'>11.94</span>,*,*,正常
天津市,海河流域,<span data-toggle='tooltip' data-placement='right' title='所在地市:蓟州区&#10;所属河流:州河'>西屯桥</span>,11-04 20:00,Ⅱ,<span data-toggle='tooltip' data-placement='right' title='原始值：13.71'>13.7</span>,<span data-toggle='tooltip' data-placement='right' title='原始值：7.9824'>7.98</span>,<span data-toggle='tooltip' data-placement='right' title='原始值：8.4792'>8.48</span>,<span data-toggle='tooltip' data-placement='right' title='原始值：539.25'>539.2</span>,<span data-toggle='tooltip' data-placement='right' title='原始值：22.7172'>22.7</span>,<span data-toggle='tooltip' data-placement='right' title='原始值：3.55'>3.55</span>,<span data-toggle='tooltip' data-placement='right' title='原始值：0.184'>0.184</span>,<span data-toggle='tooltip' data-placement='right' title='原始值：0.05'>0.050</span>,<span data-toggle='tooltip' data-placement='right' title='原始值：3.383'>3.38</span>,*,*,正常
河北省,海河流域,<span data-toggle='tooltip' data-placement='right' title='所在地市:石家庄市&#10;所属河流:滹沱河'>岗南水库</span>,11-04 08:00,Ⅱ,<span data-toggle='tooltip' data-placement='right' title='原始值：18.48608'>18.5</span>,<span data-toggle='tooltip' data-placement='right' title='原始值：8.34073'>8.34</span>,<span data-toggle='tooltip' data-placement='right' title='原始值：9.06222'>9.06</span>,<span data-toggle='tooltip' data-placement='right' title='原始值：508.1433'>508.1</span>,<span data-toggle='tooltip' data-placement='right' title='原始值：4.00972'>4.0</span>,<span data-toggle='tooltip' data-placement='right' title='原始值：3.07963'>3.08</span>,<span data-toggle='tooltip' data-placement='right' title='原始值：0.025'>0.025</span>,<span data-toggle='tooltip' data-placement='right' title='原始值：0.01642'>0.016</span>,<span data-toggle='tooltip' data-placement='right' title='原始值：4.34817'>4.35</span>,*,*,正常
河北省,海河流域,<span data-toggle='tooltip' data-placement='right' title='所在地市:石家庄市&#10;所属河流:滹沱河'>下槐镇</span>,11-04 20:00,Ⅱ,<span data-toggle='tooltip' data-placement='right' title='原始值：12.29'>12.3</span>,<span data-toggle='tooltip' data-placement='right' title='原始值：8.67'>8.67</span>,<span data-toggle='tooltip' data-placement='right' title='原始值：10.7352'>10.74</span>,<span data-toggle='tooltip' data-placement='right' title='原始值：637.236'>637.2</span>,<span data-toggle='tooltip' data-placement='right' title='原始值：48.103'>48.1</span>,<span data-toggle='tooltip' data-placement='right' title='原始值：1.1637'>1.16</span>,<span data-toggle='tooltip' data-placement='right' title='原始值：0.025'>0.025</span>,<span data-toggle='tooltip' data-placement='right' title='原始值：0.02999'>0.030</span>,<span data-toggle='tooltip' data-placement='right' title='原始值：4.3136'>4.31</span>,*,*,正常
河北省,海河流域,<span data-toggle='tooltip' data-placement='right' title='所在地市:石家庄市&#10;所属河流:绵河'>地都</span>,11-04 16:00,Ⅲ,<span data-toggle='tooltip' data-placement='right' title='原始值：16'>16.0</span>,<span data-toggle='tooltip' data-placement='right' title='原始值：8.02097'>8.02</span>,<span data-toggle='tooltip' data-placement='right' title='原始值：8.9229'>8.92</span>,<span data-toggle='tooltip' data-placement='right' title='原始值：1455.425'>1455.4</span>,<span data-toggle='tooltip' data-placement='right' title='原始值：57.97014'>58.0</span>,<span data-toggle='tooltip' data-placement='right' title='原始值：1.73023'>1.73</span>,<span data-toggle='tooltip' data-placement='right' title='原始值：0.64294'>0.643</span>,<span data-toggle='tooltip' data-placement='right' title='原始值：0.12694'>0.127</span>,<span data-toggle='tooltip' data-placement='right' title='原始值：7.20577'>7.21</span>,*,*,正常
河北省,海河流域,<span data-toggle='tooltip' data-placement='right' title='所在地市:石家庄市&#10;所属河流:绵河-冶河'>平山桥</span>,11-04 20:00,Ⅰ,<span data-toggle='tooltip' data-placement='right' title='原始值：15.65'>15.6</span>,<span data-toggle='tooltip' data-placement='right' title='原始值：8.6204'>8.62</span>,<span data-toggle='tooltip' data-placement='right' title='原始值：10.7396'>10.74</span>,<span data-toggle='tooltip' data-placement='right' title='原始值：1081.045'>1081.0</span>,<span data-toggle='tooltip' data-placement='right' title='原始值：9.0917'>9.1</span>,<span data-toggle='tooltip' data-placement='right' title='原始值：1.4729'>1.47</span>,<span data-toggle='tooltip' data-placement='right' title='原始值：0.025'>0.025</span>,<span data-toggle='tooltip' data-placement='right' title='原始值：0.01557'>0.016</span>,<span data-toggle='tooltip' data-placement='right' title='原始值：9.0875'>9.09</span>,*,*,正常
河北省,海河流域,<span data-toggle='tooltip' data-placement='right' title='所在地市:石家庄市&#10;所属河流:石津总干渠'>兆通</span>,11-04 20:00,Ⅱ,<span data-toggle='tooltip' data-placement='right' title='原始值：17.49'>17.5</span>,<span data-toggle='tooltip' data-placement='right' title='原始值：8.936'>8.94</span>,<span data-toggle='tooltip' data-placement='right' title='原始值：10.704'>10.70</span>,<span data-toggle='tooltip' data-placement='right' title='原始值：264.55'>264.6</span>,<span data-toggle='tooltip' data-placement='right' title='原始值：1.51'>1.5</span>,<span data-toggle='tooltip' data-placement='right' title='原始值：2.0695'>2.07</span>,<span data-toggle='tooltip' data-placement='right' title='原始值：0.0356'>0.036</span>,<span data-toggle='tooltip' data-placement='right' title='原始值：0.011'>0.011</span>,<span data-toggle='tooltip' data-placement='right' title='原始值：1.6678'>1.67</span>,*,*,正常
河北省,海河流域,<span data-toggle='tooltip' data-placement='right' title='所在地市:石家庄市&#10;所属河流:┖'>大石桥</span>,11-04 20:00,Ⅳ,<span data-toggle='tooltip' data-placement='right' title='原始值：17.69'>17.7</span>,<span data-toggle='tooltip' data-placement='right' title='原始值：8.003'>8.00</span>,<span data-toggle='tooltip' data-placement='right' title='原始值：7.702'>7.70</span>,<span data-toggle='tooltip' data-placement='right' title='原始值：1154.17'>1154.2</span>,<span data-toggle='tooltip' data-placement='right' title='原始值：24.69'>24.7</span>,<span data-toggle='tooltip' data-placement='right' title='原始值：5.425'>5.42</span>,<span data-toggle='tooltip' data-placement='right' title='原始值：0.526'>0.526</span>,<span data-toggle='tooltip' data-placement='right' title='原始值：0.228'>0.228</span>,<span data-toggle='tooltip' data-placement='right' title='原始值：8.6219'>8.62</span>,*,*,正常
河北省,海河流域,<span data-toggle='tooltip' data-placement='right' title='所在地市:唐山市&#10;所属河流:滦河'>大黑汀水库</span>,11-04 20:00,Ⅱ,<span data-toggle='tooltip' data-placement='right' title='原始值：14.96'>15.0</span>,<span data-toggle='tooltip' data-placement='right' title='原始值：7.968874'>7.97</span>,<span data-toggle='tooltip' data-placement='right' title='原始值：8.560131'>8.56</span>,<span data-toggle='tooltip' data-placement='right' title='原始值：567.549'>567.5</span>,<span data-toggle='tooltip' data-placement='right' title='原始值：5.892381'>5.9</span>,<span data-toggle='tooltip' data-placement='right' title='原始值：2.401'>2.40</span>,<span data-toggle='tooltip' data-placement='right' title='原始值：0.025'>0.025</span>,<span data-toggle='tooltip' data-placement='right' title='原始值：0.0411'>0.041</span>,<span data-toggle='tooltip' data-placement='right' title='原始值：5.9111'>5.91</span>,*,*,正常
河北省,海河流域,<span data-toggle='tooltip' data-placement='right' title='所在地市:唐山市&#10;所属河流:陡河'>涧河口</span>,11-04 20:00,Ⅲ,<span data-toggle='tooltip' data-placement='right' title='原始值：11.94'>11.9</span>,<span data-toggle='tooltip' data-placement='right' title='原始值：8.03965'>8.04</span>,<span data-toggle='tooltip' data-placement='right' title='原始值：6.322313'>6.32</span>,<span data-toggle='tooltip' data-placement='right' title='原始值：1018.915'>1018.9</span>,<span data-toggle='tooltip' data-placement='right' title='原始值：14.75422'>14.8</span>,<span data-toggle='tooltip' data-placement='right' title='原始值：3.541'>3.54</span>,<span data-toggle='tooltip' data-placement='right' title='原始值：0.025'>0.025</span>,<span data-toggle='tooltip' data-placement='right' title='原始值：0.1051'>0.105</span>,<span data-toggle='tooltip' data-placement='right' title='原始值：7.1181'>7.12</span>,*,*,正常
河北省,海河流域,<span data-toggle='tooltip' data-placement='right' title='所在地市:唐山市&#10;所属河流:还乡河'>丰北闸</span>,11-04 20:00,Ⅲ,<span data-toggle='tooltip' data-placement='right' title='原始值：12.21'>12.2</span>,<span data-toggle='tooltip' data-placement='right' title='原始值：8.281119'>8.28</span>,<span data-toggle='tooltip' data-placement='right' title='原始值：14.07306'>14.07</span>,<span data-toggle='tooltip' data-placement='right' title='原始值：1511.345'>1511.3</span>,<span data-toggle='tooltip' data-placement='right' title='原始值：8.36845'>8.4</span>,<span data-toggle='tooltip' data-placement='right' title='原始值：4.741'>4.74</span>,<span data-toggle='tooltip' data-placement='right' title='原始值：0.0801'>0.080</span>,<span data-toggle='tooltip' data-placement='right' title='原始值：0.1021'>0.102</span>,<span data-toggle='tooltip' data-placement='right' title='原始值：3.1221'>3.12</span>,*,*,正常
河北省,海河流域,<span data-toggle='tooltip' data-placement='right' title='所在地市:唐山市&#10;所属河流:滦河'>滦县大桥</span>,11-04 20:00,Ⅱ,<span data-toggle='tooltip' data-placement='right' title='原始值：13.37'>13.4</span>,<span data-toggle='tooltip' data-placement='right' title='原始值：8.15411'>8.15</span>,<span data-toggle='tooltip' data-placement='right' title='原始值：10.05669'>10.06</span>,<span data-toggle='tooltip' data-placement='right' title='原始值：550.244'>550.2</span>,<span data-toggle='tooltip' data-placement='right' title='原始值：13.65752'>13.7</span>,<span data-toggle='tooltip' data-placement='right' title='原始值：1.931'>1.93</span>,<span data-toggle='tooltip' data-placement='right' title='原始值：0.025'>0.025</span>,<span data-toggle='tooltip' data-placement='right' title='原始值：0.0441'>0.044</span>,<span data-toggle='tooltip' data-placement='right' title='原始值：6.1401'>6.14</span>,*,*,正常
